{"cameraMode":{"drawMode":0,"name":"Shaded","section":"Shading Mode"},"sceneLighting":true,"audioPlay":false,"sceneViewState":{"m_AlwaysRefresh":false,"showFog":true,"showSkybox":true,"showFlares":true,"showImageEffects":true,"showParticleSystems":true,"showVisualEffectGraphs":true,"m_FxEnabled":true},"in2DMode":false,"pivot":{"x":0.9331928491592407,"y":1.8840956687927247,"z":-3.6732940673828127},"rotation":{"x":-0.28407683968544009,"y":0.041133541613817218,"z":-0.012187800370156765,"w":-0.9578633904457092},"size":5.398050308227539,"orthographic":false}